Proposal_ID,Title,Summary,Domain,Methodology,Funding_Agency
P031,Novel Traffic Monitoring using Edge Computing,"This project proposes the use of Edge Computing techniques for traffic monitoring in the smart cities domain. The study aims to provide intelligent recommendations using social media posts. The proposed framework includes data preprocessing, model development, evaluation, and deployment to improve research outcomes and practical applications.",Smart Cities,Edge Computing,National Science Foundation
P173,AI-Based Pollution Detection using Machine Learning,"This project proposes the use of Machine Learning techniques for pollution detection in the environmental science domain. The study aims to enhance decision making using social media posts. The proposed framework includes data preprocessing, model development, evaluation, and deployment to improve research outcomes and practical applications.",Environmental Science,Machine Learning,Department of Biotechnology
P085,Robust Urban Planning using Internet of Things,"This project proposes the use of Internet of Things techniques for urban planning in the smart cities domain. The study aims to optimize workflows using historical databases. The proposed framework includes data preprocessing, model development, evaluation, and deployment to improve research outcomes and practical applications.",Smart Cities,Internet of Things,Department of Biotechnology
P200,Traffic Monitoring using Federated Learning,"This proposal develops a Federated Learning framework for traffic monitoring within the smart cities domain. The research focuses on improving performance through advanced learning algorithms, optimization strategies, and intelligent decision support systems.",Smart Cities,Federated Learning,Innovation Fund
P061,Intelligent Disaster Management using Reinforcement Learning,"This project proposes the use of Reinforcement Learning techniques for disaster management in the environmental science domain. The study aims to enhance decision making using satellite images. The proposed framework includes data preprocessing, model development, evaluation, and deployment to improve research outcomes and practical applications.",Environmental Science,Reinforcement Learning,Industrial Research Council
P156,Intelligent Wildlife Monitoring using Federated Learning,"This project proposes the use of Federated Learning techniques for wildlife monitoring in the environmental science domain. The study aims to strengthen security using financial transactions. The proposed framework includes data preprocessing, model development, evaluation, and deployment to improve research outcomes and practical applications.",Environmental Science,Federated Learning,Industrial Research Council
P046,Intelligent Wind Energy Analysis using Big Data Analytics,"This project proposes the use of Big Data Analytics techniques for wind energy analysis in the energy domain. The study aims to improve resource utilization using sensor data. The proposed framework includes data preprocessing, model development, evaluation, and deployment to improve research outcomes and practical applications.",Energy,Big Data Analytics,National Science Foundation
P183,Efficient Disease Diagnosis using Internet of Things,"This project proposes the use of Internet of Things techniques for disease diagnosis in the healthcare domain. The study aims to optimize workflows using text documents. The proposed framework includes data preprocessing, model development, evaluation, and deployment to improve research outcomes and practical applications.",Healthcare,Internet of Things,International Research Foundation
P010,Automated Yield Prediction using Deep Learning,"This project proposes the use of Deep Learning techniques for yield prediction in the agriculture domain. The study aims to enhance decision making using financial transactions. The proposed framework includes data preprocessing, model development, evaluation, and deployment to improve research outcomes and practical applications.",Agriculture,Deep Learning,International Research Foundation
P197,Power Consumption Prediction using Computer Vision,"This proposal develops a Computer Vision framework for power consumption prediction within the energy domain. The research focuses on improving performance through advanced learning algorithms, optimization strategies, and intelligent decision support systems.",Energy,Computer Vision,Department of Biotechnology
P137,Advanced Disease Diagnosis using Internet of Things,"This project proposes the use of Internet of Things techniques for disease diagnosis in the healthcare domain. The study aims to automate monitoring using text documents. The proposed framework includes data preprocessing, model development, evaluation, and deployment to improve research outcomes and practical applications.",Healthcare,Internet of Things,Industrial Research Council
P188,Hybrid Fleet Management using Natural Language Processing,"This project proposes the use of Natural Language Processing techniques for fleet management in the transportation domain. The study aims to support early detection using medical records. The proposed framework includes data preprocessing, model development, evaluation, and deployment to improve research outcomes and practical applications.",Transportation,Natural Language Processing,AI Research Council
P208,Student Performance Prediction using Predictive Analytics,"This proposal develops a Predictive Analytics framework for student performance prediction within the education domain. The research focuses on improving performance through advanced learning algorithms, optimization strategies, and intelligent decision support systems.",Education,Predictive Analytics,Innovation Fund
P127,Efficient Disaster Management using Internet of Things,"This project proposes the use of Internet of Things techniques for disaster management in the environmental science domain. The study aims to support early detection using satellite images. The proposed framework includes data preprocessing, model development, evaluation, and deployment to improve research outcomes and practical applications.",Environmental Science,Internet of Things,International Research Foundation
P016,Advanced Power Consumption Prediction using Big Data Analytics,"This project proposes the use of Big Data Analytics techniques for power consumption prediction in the energy domain. The study aims to optimize workflows using historical databases. The proposed framework includes data preprocessing, model development, evaluation, and deployment to improve research outcomes and practical applications.",Energy,Big Data Analytics,Industrial Research Council
P074,Automated Autonomous Drones using Internet of Things,"This project proposes the use of Internet of Things techniques for autonomous drones in the robotics domain. The study aims to improve prediction accuracy using historical databases. The proposed framework includes data preprocessing, model development, evaluation, and deployment to improve research outcomes and practical applications.",Robotics,Internet of Things,National Science Foundation
P166,Scalable Fake News Detection using Reinforcement Learning,"This project proposes the use of Reinforcement Learning techniques for fake news detection in the social media domain. The study aims to optimize workflows using historical databases. The proposed framework includes data preprocessing, model development, evaluation, and deployment to improve research outcomes and practical applications.",Social Media,Reinforcement Learning,Innovation Fund
P019,Novel Air Quality Analysis using Graph Neural Networks,"This project proposes the use of Graph Neural Networks techniques for air quality analysis in the climate science domain. The study aims to enhance decision making using sensor data. The proposed framework includes data preprocessing, model development, evaluation, and deployment to improve research outcomes and practical applications.",Climate Science,Graph Neural Networks,International Research Foundation
P169,Robust Cancer Detection using Big Data Analytics,"This project proposes the use of Big Data Analytics techniques for cancer detection in the healthcare domain. The study aims to reduce operational costs using satellite images. The proposed framework includes data preprocessing, model development, evaluation, and deployment to improve research outcomes and practical applications.",Healthcare,Big Data Analytics,Innovation Fund
P094,AI-Based Personalized Learning using Big Data Analytics,"This project proposes the use of Big Data Analytics techniques for personalized learning in the education domain. The study aims to increase sustainability using historical databases. The proposed framework includes data preprocessing, model development, evaluation, and deployment to improve research outcomes and practical applications.",Education,Big Data Analytics,AI Research Council
P076,Scalable Energy Efficiency using Natural Language Processing,"This project proposes the use of Natural Language Processing techniques for energy efficiency in the smart cities domain. The study aims to enhance decision making using text documents. The proposed framework includes data preprocessing, model development, evaluation, and deployment to improve research outcomes and practical applications.",Smart Cities,Natural Language Processing,Government Research Board
P056,Hybrid Waste Management using Blockchain,"This project proposes the use of Blockchain techniques for waste management in the smart cities domain. The study aims to support early detection using satellite images. The proposed framework includes data preprocessing, model development, evaluation, and deployment to improve research outcomes and practical applications.",Smart Cities,Blockchain,Department of Biotechnology
P148,Novel Cancer Detection using Explainable AI,"This project proposes the use of Explainable AI techniques for cancer detection in the healthcare domain. The study aims to provide intelligent recommendations using social media posts. The proposed framework includes data preprocessing, model development, evaluation, and deployment to improve research outcomes and practical applications.",Healthcare,Explainable AI,AI Research Council
P110,AI-Based Smart Grid using Big Data Analytics,"This project proposes the use of Big Data Analytics techniques for smart grid in the energy domain. The study aims to support early detection using industrial logs. The proposed framework includes data preprocessing, model development, evaluation, and deployment to improve research outcomes and practical applications.",Energy,Big Data Analytics,International Research Foundation
P109,Robust Drug Discovery using Computer Vision,"This project proposes the use of Computer Vision techniques for drug discovery in the healthcare domain. The study aims to increase sustainability using financial transactions. The proposed framework includes data preprocessing, model development, evaluation, and deployment to improve research outcomes and practical applications.",Healthcare,Computer Vision,National Science Foundation
P143,Efficient Curriculum Recommendation using Explainable AI,"This project proposes the use of Explainable AI techniques for curriculum recommendation in the education domain. The study aims to strengthen security using text documents. The proposed framework includes data preprocessing, model development, evaluation, and deployment to improve research outcomes and practical applications.",Education,Explainable AI,Innovation Fund
P026,Intelligent Solar Optimization using Natural Language Processing,"This project proposes the use of Natural Language Processing techniques for solar optimization in the energy domain. The study aims to enhance decision making using IoT streams. The proposed framework includes data preprocessing, model development, evaluation, and deployment to improve research outcomes and practical applications.",Energy,Natural Language Processing,International Research Foundation
P126,Advanced Water Quality using Blockchain,"This project proposes the use of Blockchain techniques for water quality in the environmental science domain. The study aims to automate monitoring using social media posts. The proposed framework includes data preprocessing, model development, evaluation, and deployment to improve research outcomes and practical applications.",Environmental Science,Blockchain,AI Research Council
P017,Smart Production Planning using Graph Neural Networks,"This project proposes the use of Graph Neural Networks techniques for production planning in the manufacturing domain. The study aims to automate monitoring using clinical reports. The proposed framework includes data preprocessing, model development, evaluation, and deployment to improve research outcomes and practical applications.",Manufacturing,Graph Neural Networks,Government Research Board
P174,Intelligent Wildlife Monitoring using Computer Vision,"This project proposes the use of Computer Vision techniques for wildlife monitoring in the environmental science domain. The study aims to improve resource utilization using sensor data. The proposed framework includes data preprocessing, model development, evaluation, and deployment to improve research outcomes and practical applications.",Environmental Science,Computer Vision,AI Research Council
P193,Production Planning using Transformer Models,"This proposal develops a Transformer Models framework for production planning within the manufacturing domain. The research focuses on improving performance through advanced learning algorithms, optimization strategies, and intelligent decision support systems.",Manufacturing,Transformer Models,Innovation Fund
P070,Scalable Soil Monitoring using Explainable AI,"This project proposes the use of Explainable AI techniques for soil monitoring in the agriculture domain. The study aims to provide intelligent recommendations using historical databases. The proposed framework includes data preprocessing, model development, evaluation, and deployment to improve research outcomes and practical applications.",Agriculture,Explainable AI,Industrial Research Council
P102,Advanced Credit Scoring using Reinforcement Learning,"This project proposes the use of Reinforcement Learning techniques for credit scoring in the finance domain. The study aims to optimize workflows using IoT streams. The proposed framework includes data preprocessing, model development, evaluation, and deployment to improve research outcomes and practical applications.",Finance,Reinforcement Learning,AI Research Council
P068,Scalable Carbon Monitoring using Predictive Analytics,"This project proposes the use of Predictive Analytics techniques for carbon monitoring in the climate science domain. The study aims to support early detection using financial transactions. The proposed framework includes data preprocessing, model development, evaluation, and deployment to improve research outcomes and practical applications.",Climate Science,Predictive Analytics,Department of Biotechnology
P105,Intelligent Crop Disease Detection using Explainable AI,"This project proposes the use of Explainable AI techniques for crop disease detection in the agriculture domain. The study aims to automate monitoring using financial transactions. The proposed framework includes data preprocessing, model development, evaluation, and deployment to improve research outcomes and practical applications.",Agriculture,Explainable AI,International Research Foundation
P133,Smart Crop Disease Detection using Internet of Things,"This project proposes the use of Internet of Things techniques for crop disease detection in the agriculture domain. The study aims to reduce operational costs using industrial logs. The proposed framework includes data preprocessing, model development, evaluation, and deployment to improve research outcomes and practical applications.",Agriculture,Internet of Things,AI Research Council
P181,AI-Based Warehouse Automation using Predictive Analytics,"This project proposes the use of Predictive Analytics techniques for warehouse automation in the robotics domain. The study aims to automate monitoring using historical databases. The proposed framework includes data preprocessing, model development, evaluation, and deployment to improve research outcomes and practical applications.",Robotics,Predictive Analytics,Government Research Board
P096,Efficient Fake News Detection using Internet of Things,"This project proposes the use of Internet of Things techniques for fake news detection in the social media domain. The study aims to increase sustainability using social media posts. The proposed framework includes data preprocessing, model development, evaluation, and deployment to improve research outcomes and practical applications.",Social Media,Internet of Things,National Science Foundation
P083,Advanced Community Detection using Transformer Models,"This project proposes the use of Transformer Models techniques for community detection in the social media domain. The study aims to automate monitoring using medical records. The proposed framework includes data preprocessing, model development, evaluation, and deployment to improve research outcomes and practical applications.",Social Media,Transformer Models,National Science Foundation
P160,Smart Air Quality Analysis using Federated Learning,"This project proposes the use of Federated Learning techniques for air quality analysis in the climate science domain. The study aims to increase sustainability using financial transactions. The proposed framework includes data preprocessing, model development, evaluation, and deployment to improve research outcomes and practical applications.",Climate Science,Federated Learning,Government Research Board
P198,Fleet Management using Computer Vision,"This proposal develops a Computer Vision framework for fleet management within the transportation domain. The research focuses on improving performance through advanced learning algorithms, optimization strategies, and intelligent decision support systems.",Transportation,Computer Vision,Industrial Research Council
P163,Smart Solar Optimization using Internet of Things,"This project proposes the use of Internet of Things techniques for solar optimization in the energy domain. The study aims to optimize workflows using clinical reports. The proposed framework includes data preprocessing, model development, evaluation, and deployment to improve research outcomes and practical applications.",Energy,Internet of Things,Innovation Fund
P151,Robust Forest Monitoring using Federated Learning,"This project proposes the use of Federated Learning techniques for forest monitoring in the environmental science domain. The study aims to provide intelligent recommendations using sensor data. The proposed framework includes data preprocessing, model development, evaluation, and deployment to improve research outcomes and practical applications.",Environmental Science,Federated Learning,Innovation Fund
P097,Robust Threat Intelligence using Computer Vision,"This project proposes the use of Computer Vision techniques for threat intelligence in the cybersecurity domain. The study aims to provide intelligent recommendations using clinical reports. The proposed framework includes data preprocessing, model development, evaluation, and deployment to improve research outcomes and practical applications.",Cybersecurity,Computer Vision,International Research Foundation
P201,Crop Disease Detection using Machine Learning,"This proposal develops a Machine Learning framework for crop disease detection within the agriculture domain. The research focuses on improving performance through advanced learning algorithms, optimization strategies, and intelligent decision support systems.",Agriculture,Machine Learning,AI Research Council
P069,Robust Cancer Detection using Edge Computing,"This project proposes the use of Edge Computing techniques for cancer detection in the healthcare domain. The study aims to improve resource utilization using text documents. The proposed framework includes data preprocessing, model development, evaluation, and deployment to improve research outcomes and practical applications.",Healthcare,Edge Computing,International Research Foundation
P157,Intelligent Learning Analytics using Computer Vision,"This project proposes the use of Computer Vision techniques for learning analytics in the education domain. The study aims to provide intelligent recommendations using historical databases. The proposed framework includes data preprocessing, model development, evaluation, and deployment to improve research outcomes and practical applications.",Education,Computer Vision,National Science Foundation
P087,Novel Trend Analysis using Big Data Analytics,"This project proposes the use of Big Data Analytics techniques for trend analysis in the social media domain. The study aims to improve prediction accuracy using clinical reports. The proposed framework includes data preprocessing, model development, evaluation, and deployment to improve research outcomes and practical applications.",Social Media,Big Data Analytics,Department of Biotechnology
P101,Smart Patient Monitoring using Machine Learning,"This project proposes the use of Machine Learning techniques for patient monitoring in the healthcare domain. The study aims to optimize workflows using medical records. The proposed framework includes data preprocessing, model development, evaluation, and deployment to improve research outcomes and practical applications.",Healthcare,Machine Learning,National Science Foundation
P039,Advanced Demand Forecasting using Machine Learning,"This project proposes the use of Machine Learning techniques for demand forecasting in the retail domain. The study aims to automate monitoring using clinical reports. The proposed framework includes data preprocessing, model development, evaluation, and deployment to improve research outcomes and practical applications.",Retail,Machine Learning,Innovation Fund
P025,Smart Climate Modeling using Graph Neural Networks,"This project proposes the use of Graph Neural Networks techniques for climate modeling in the climate science domain. The study aims to provide intelligent recommendations using clinical reports. The proposed framework includes data preprocessing, model development, evaluation, and deployment to improve research outcomes and practical applications.",Climate Science,Graph Neural Networks,National Science Foundation
P184,Scalable Trend Analysis using Transformer Models,"This project proposes the use of Transformer Models techniques for trend analysis in the social media domain. The study aims to automate monitoring using financial transactions. The proposed framework includes data preprocessing, model development, evaluation, and deployment to improve research outcomes and practical applications.",Social Media,Transformer Models,Government Research Board
P118,Smart Medical Imaging using Federated Learning,"This project proposes the use of Federated Learning techniques for medical imaging in the healthcare domain. The study aims to optimize workflows using financial transactions. The proposed framework includes data preprocessing, model development, evaluation, and deployment to improve research outcomes and practical applications.",Healthcare,Federated Learning,AI Research Council
P030,Hybrid Smart Grid using Reinforcement Learning,"This project proposes the use of Reinforcement Learning techniques for smart grid in the energy domain. The study aims to automate monitoring using text documents. The proposed framework includes data preprocessing, model development, evaluation, and deployment to improve research outcomes and practical applications.",Energy,Reinforcement Learning,Innovation Fund
P020,Robust Yield Prediction using Graph Neural Networks,"This project proposes the use of Graph Neural Networks techniques for yield prediction in the agriculture domain. The study aims to strengthen security using satellite images. The proposed framework includes data preprocessing, model development, evaluation, and deployment to improve research outcomes and practical applications.",Agriculture,Graph Neural Networks,Innovation Fund
P136,Robust Customer Analytics using Predictive Analytics,"This project proposes the use of Predictive Analytics techniques for customer analytics in the finance domain. The study aims to support early detection using industrial logs. The proposed framework includes data preprocessing, model development, evaluation, and deployment to improve research outcomes and practical applications.",Finance,Predictive Analytics,Government Research Board
P140,Novel Climate Modeling using Computer Vision,"This project proposes the use of Computer Vision techniques for climate modeling in the climate science domain. The study aims to enhance decision making using financial transactions. The proposed framework includes data preprocessing, model development, evaluation, and deployment to improve research outcomes and practical applications.",Climate Science,Computer Vision,AI Research Council
P067,Robust Fake News Detection using Big Data Analytics,"This project proposes the use of Big Data Analytics techniques for fake news detection in the social media domain. The study aims to improve prediction accuracy using social media posts. The proposed framework includes data preprocessing, model development, evaluation, and deployment to improve research outcomes and practical applications.",Social Media,Big Data Analytics,Department of Biotechnology
P066,Robust Medical Imaging using Graph Neural Networks,"This project proposes the use of Graph Neural Networks techniques for medical imaging in the healthcare domain. The study aims to automate monitoring using text documents. The proposed framework includes data preprocessing, model development, evaluation, and deployment to improve research outcomes and practical applications.",Healthcare,Graph Neural Networks,Department of Biotechnology
P006,AI-Based Curriculum Recommendation using Transformer Models,"This project proposes the use of Transformer Models techniques for curriculum recommendation in the education domain. The study aims to enhance decision making using historical databases. The proposed framework includes data preprocessing, model development, evaluation, and deployment to improve research outcomes and practical applications.",Education,Transformer Models,National Science Foundation
P147,Efficient Market Basket Analysis using Predictive Analytics,"This project proposes the use of Predictive Analytics techniques for market basket analysis in the retail domain. The study aims to improve prediction accuracy using text documents. The proposed framework includes data preprocessing, model development, evaluation, and deployment to improve research outcomes and practical applications.",Retail,Predictive Analytics,Government Research Board
P057,Hybrid Fraud Detection using Machine Learning,"This project proposes the use of Machine Learning techniques for fraud detection in the finance domain. The study aims to reduce operational costs using text documents. The proposed framework includes data preprocessing, model development, evaluation, and deployment to improve research outcomes and practical applications.",Finance,Machine Learning,AI Research Council
P098,Advanced Solar Optimization using Transformer Models,"This project proposes the use of Transformer Models techniques for solar optimization in the energy domain. The study aims to support early detection using historical databases. The proposed framework includes data preprocessing, model development, evaluation, and deployment to improve research outcomes and practical applications.",Energy,Transformer Models,Innovation Fund
P129,Automated Water Quality using Blockchain,"This project proposes the use of Blockchain techniques for water quality in the environmental science domain. The study aims to improve prediction accuracy using sensor data. The proposed framework includes data preprocessing, model development, evaluation, and deployment to improve research outcomes and practical applications.",Environmental Science,Blockchain,Government Research Board
P080,Efficient Human Robot Collaboration using Explainable AI,"This project proposes the use of Explainable AI techniques for human robot collaboration in the robotics domain. The study aims to improve resource utilization using social media posts. The proposed framework includes data preprocessing, model development, evaluation, and deployment to improve research outcomes and practical applications.",Robotics,Explainable AI,Innovation Fund
P206,Threat Intelligence using Blockchain,"This proposal develops a Blockchain framework for threat intelligence within the cybersecurity domain. The research focuses on improving performance through advanced learning algorithms, optimization strategies, and intelligent decision support systems.",Cybersecurity,Blockchain,Industrial Research Council
P209,Power Consumption Prediction using Explainable AI,"This proposal develops a Explainable AI framework for power consumption prediction within the energy domain. The research focuses on improving performance through advanced learning algorithms, optimization strategies, and intelligent decision support systems.",Energy,Explainable AI,Industrial Research Council
P032,Scalable Weather Prediction using Transformer Models,"This project proposes the use of Transformer Models techniques for weather prediction in the climate science domain. The study aims to improve prediction accuracy using industrial logs. The proposed framework includes data preprocessing, model development, evaluation, and deployment to improve research outcomes and practical applications.",Climate Science,Transformer Models,Government Research Board
P013,Novel Water Quality using Transformer Models,"This project proposes the use of Transformer Models techniques for water quality in the environmental science domain. The study aims to increase sustainability using text documents. The proposed framework includes data preprocessing, model development, evaluation, and deployment to improve research outcomes and practical applications.",Environmental Science,Transformer Models,Industrial Research Council
P036,Robust Supply Chain Optimization using Transformer Models,"This project proposes the use of Transformer Models techniques for supply chain optimization in the manufacturing domain. The study aims to automate monitoring using satellite images. The proposed framework includes data preprocessing, model development, evaluation, and deployment to improve research outcomes and practical applications.",Manufacturing,Transformer Models,National Science Foundation
P029,Smart Energy Efficiency using Federated Learning,"This project proposes the use of Federated Learning techniques for energy efficiency in the smart cities domain. The study aims to support early detection using clinical reports. The proposed framework includes data preprocessing, model development, evaluation, and deployment to improve research outcomes and practical applications.",Smart Cities,Federated Learning,International Research Foundation
P043,Intelligent Carbon Monitoring using Predictive Analytics,"This project proposes the use of Predictive Analytics techniques for carbon monitoring in the climate science domain. The study aims to reduce operational costs using historical databases. The proposed framework includes data preprocessing, model development, evaluation, and deployment to improve research outcomes and practical applications.",Climate Science,Predictive Analytics,National Science Foundation
P116,Scalable Forest Monitoring using Internet of Things,"This project proposes the use of Internet of Things techniques for forest monitoring in the environmental science domain. The study aims to automate monitoring using satellite images. The proposed framework includes data preprocessing, model development, evaluation, and deployment to improve research outcomes and practical applications.",Environmental Science,Internet of Things,AI Research Council
P099,Robust Medical Imaging using Reinforcement Learning,"This project proposes the use of Reinforcement Learning techniques for medical imaging in the healthcare domain. The study aims to reduce operational costs using social media posts. The proposed framework includes data preprocessing, model development, evaluation, and deployment to improve research outcomes and practical applications.",Healthcare,Reinforcement Learning,Department of Biotechnology
P144,Robust Soil Monitoring using Federated Learning,"This project proposes the use of Federated Learning techniques for soil monitoring in the agriculture domain. The study aims to support early detection using clinical reports. The proposed framework includes data preprocessing, model development, evaluation, and deployment to improve research outcomes and practical applications.",Agriculture,Federated Learning,Government Research Board
P052,Novel Industrial Robots using Graph Neural Networks,"This project proposes the use of Graph Neural Networks techniques for industrial robots in the robotics domain. The study aims to improve resource utilization using satellite images. The proposed framework includes data preprocessing, model development, evaluation, and deployment to improve research outcomes and practical applications.",Robotics,Graph Neural Networks,National Science Foundation
P119,Automated Community Detection using Computer Vision,"This project proposes the use of Computer Vision techniques for community detection in the social media domain. The study aims to strengthen security using text documents. The proposed framework includes data preprocessing, model development, evaluation, and deployment to improve research outcomes and practical applications.",Social Media,Computer Vision,Government Research Board
P171,Robust Network Security using Predictive Analytics,"This project proposes the use of Predictive Analytics techniques for network security in the cybersecurity domain. The study aims to improve resource utilization using social media posts. The proposed framework includes data preprocessing, model development, evaluation, and deployment to improve research outcomes and practical applications.",Cybersecurity,Predictive Analytics,International Research Foundation
P077,Scalable Stock Prediction using Edge Computing,"This project proposes the use of Edge Computing techniques for stock prediction in the finance domain. The study aims to increase sustainability using text documents. The proposed framework includes data preprocessing, model development, evaluation, and deployment to improve research outcomes and practical applications.",Finance,Edge Computing,Government Research Board
P042,Smart Cancer Detection using Machine Learning,"This project proposes the use of Machine Learning techniques for cancer detection in the healthcare domain. The study aims to increase sustainability using social media posts. The proposed framework includes data preprocessing, model development, evaluation, and deployment to improve research outcomes and practical applications.",Healthcare,Machine Learning,Innovation Fund
P204,Market Basket Analysis using Natural Language Processing,"This proposal develops a Natural Language Processing framework for market basket analysis within the retail domain. The research focuses on improving performance through advanced learning algorithms, optimization strategies, and intelligent decision support systems.",Retail,Natural Language Processing,Innovation Fund
P079,Intelligent Customer Analytics using Reinforcement Learning,"This project proposes the use of Reinforcement Learning techniques for customer analytics in the finance domain. The study aims to support early detection using text documents. The proposed framework includes data preprocessing, model development, evaluation, and deployment to improve research outcomes and practical applications.",Finance,Reinforcement Learning,Department of Biotechnology
P125,AI-Based Risk Assessment using Computer Vision,"This project proposes the use of Computer Vision techniques for risk assessment in the finance domain. The study aims to automate monitoring using IoT streams. The proposed framework includes data preprocessing, model development, evaluation, and deployment to improve research outcomes and practical applications.",Finance,Computer Vision,National Science Foundation
P027,Intelligent Sentiment Analysis using Computer Vision,"This project proposes the use of Computer Vision techniques for sentiment analysis in the social media domain. The study aims to automate monitoring using industrial logs. The proposed framework includes data preprocessing, model development, evaluation, and deployment to improve research outcomes and practical applications.",Social Media,Computer Vision,National Science Foundation
P141,Advanced Trend Analysis using Explainable AI,"This project proposes the use of Explainable AI techniques for trend analysis in the social media domain. The study aims to increase sustainability using satellite images. The proposed framework includes data preprocessing, model development, evaluation, and deployment to improve research outcomes and practical applications.",Social Media,Explainable AI,Government Research Board
P179,Smart Fault Detection using Computer Vision,"This project proposes the use of Computer Vision techniques for fault detection in the manufacturing domain. The study aims to enhance decision making using social media posts. The proposed framework includes data preprocessing, model development, evaluation, and deployment to improve research outcomes and practical applications.",Manufacturing,Computer Vision,AI Research Council
P123,Novel Traffic Monitoring using Internet of Things,"This project proposes the use of Internet of Things techniques for traffic monitoring in the smart cities domain. The study aims to provide intelligent recommendations using clinical reports. The proposed framework includes data preprocessing, model development, evaluation, and deployment to improve research outcomes and practical applications.",Smart Cities,Internet of Things,AI Research Council
P003,Advanced Cancer Detection using Machine Learning,"This project proposes the use of Machine Learning techniques for cancer detection in the healthcare domain. The study aims to provide intelligent recommendations using industrial logs. The proposed framework includes data preprocessing, model development, evaluation, and deployment to improve research outcomes and practical applications.",Healthcare,Machine Learning,National Science Foundation
P078,Robust Attendance Analysis using Transformer Models,"This project proposes the use of Transformer Models techniques for attendance analysis in the education domain. The study aims to reduce operational costs using industrial logs. The proposed framework includes data preprocessing, model development, evaluation, and deployment to improve research outcomes and practical applications.",Education,Transformer Models,Government Research Board
P047,Hybrid Wind Energy Analysis using Federated Learning,"This project proposes the use of Federated Learning techniques for wind energy analysis in the energy domain. The study aims to reduce operational costs using sensor data. The proposed framework includes data preprocessing, model development, evaluation, and deployment to improve research outcomes and practical applications.",Energy,Federated Learning,Government Research Board
P128,Scalable Flood Forecasting using Computer Vision,"This project proposes the use of Computer Vision techniques for flood forecasting in the climate science domain. The study aims to reduce operational costs using text documents. The proposed framework includes data preprocessing, model development, evaluation, and deployment to improve research outcomes and practical applications.",Climate Science,Computer Vision,National Science Foundation
P113,AI-Based Warehouse Automation using Predictive Analytics,"This project proposes the use of Predictive Analytics techniques for warehouse automation in the robotics domain. The study aims to increase sustainability using IoT streams. The proposed framework includes data preprocessing, model development, evaluation, and deployment to improve research outcomes and practical applications.",Robotics,Predictive Analytics,Industrial Research Council
P091,Hybrid Climate Modeling using Predictive Analytics,"This project proposes the use of Predictive Analytics techniques for climate modeling in the climate science domain. The study aims to optimize workflows using financial transactions. The proposed framework includes data preprocessing, model development, evaluation, and deployment to improve research outcomes and practical applications.",Climate Science,Predictive Analytics,AI Research Council
P086,AI-Based Student Performance Prediction using Edge Computing,"This project proposes the use of Edge Computing techniques for student performance prediction in the education domain. The study aims to increase sustainability using financial transactions. The proposed framework includes data preprocessing, model development, evaluation, and deployment to improve research outcomes and practical applications.",Education,Edge Computing,Department of Biotechnology
P142,Automated Flood Forecasting using Edge Computing,"This project proposes the use of Edge Computing techniques for flood forecasting in the climate science domain. The study aims to reduce operational costs using satellite images. The proposed framework includes data preprocessing, model development, evaluation, and deployment to improve research outcomes and practical applications.",Climate Science,Edge Computing,National Science Foundation
P037,Robust Traffic Monitoring using Reinforcement Learning,"This project proposes the use of Reinforcement Learning techniques for traffic monitoring in the smart cities domain. The study aims to increase sustainability using social media posts. The proposed framework includes data preprocessing, model development, evaluation, and deployment to improve research outcomes and practical applications.",Smart Cities,Reinforcement Learning,International Research Foundation
P120,AI-Based Cancer Detection using Blockchain,"This project proposes the use of Blockchain techniques for cancer detection in the healthcare domain. The study aims to automate monitoring using historical databases. The proposed framework includes data preprocessing, model development, evaluation, and deployment to improve research outcomes and practical applications.",Healthcare,Blockchain,Innovation Fund
P062,Scalable Student Performance Prediction using Blockchain,"This project proposes the use of Blockchain techniques for student performance prediction in the education domain. The study aims to strengthen security using clinical reports. The proposed framework includes data preprocessing, model development, evaluation, and deployment to improve research outcomes and practical applications.",Education,Blockchain,Department of Biotechnology
P023,Novel Risk Assessment using Reinforcement Learning,"This project proposes the use of Reinforcement Learning techniques for risk assessment in the finance domain. The study aims to improve prediction accuracy using text documents. The proposed framework includes data preprocessing, model development, evaluation, and deployment to improve research outcomes and practical applications.",Finance,Reinforcement Learning,Government Research Board
P139,Efficient Patient Monitoring using Reinforcement Learning,"This project proposes the use of Reinforcement Learning techniques for patient monitoring in the healthcare domain. The study aims to optimize workflows using text documents. The proposed framework includes data preprocessing, model development, evaluation, and deployment to improve research outcomes and practical applications.",Healthcare,Reinforcement Learning,National Science Foundation
P112,Hybrid Waste Management using Natural Language Processing,"This project proposes the use of Natural Language Processing techniques for waste management in the smart cities domain. The study aims to improve resource utilization using sensor data. The proposed framework includes data preprocessing, model development, evaluation, and deployment to improve research outcomes and practical applications.",Smart Cities,Natural Language Processing,International Research Foundation
P034,AI-Based Soil Monitoring using Deep Learning,"This project proposes the use of Deep Learning techniques for soil monitoring in the agriculture domain. The study aims to provide intelligent recommendations using financial transactions. The proposed framework includes data preprocessing, model development, evaluation, and deployment to improve research outcomes and practical applications.",Agriculture,Deep Learning,AI Research Council
P012,AI-Based Malware Analysis using Transformer Models,"This project proposes the use of Transformer Models techniques for malware analysis in the cybersecurity domain. The study aims to strengthen security using medical records. The proposed framework includes data preprocessing, model development, evaluation, and deployment to improve research outcomes and practical applications.",Cybersecurity,Transformer Models,Government Research Board
P205,Fault Detection using Blockchain,"This proposal develops a Blockchain framework for fault detection within the manufacturing domain. The research focuses on improving performance through advanced learning algorithms, optimization strategies, and intelligent decision support systems.",Manufacturing,Blockchain,Government Research Board
P168,Novel Renewable Energy Forecasting using Natural Language Processing,"This project proposes the use of Natural Language Processing techniques for renewable energy forecasting in the energy domain. The study aims to enhance decision making using clinical reports. The proposed framework includes data preprocessing, model development, evaluation, and deployment to improve research outcomes and practical applications.",Energy,Natural Language Processing,Innovation Fund
P007,Efficient Malware Analysis using Predictive Analytics,"This project proposes the use of Predictive Analytics techniques for malware analysis in the cybersecurity domain. The study aims to support early detection using sensor data. The proposed framework includes data preprocessing, model development, evaluation, and deployment to improve research outcomes and practical applications.",Cybersecurity,Predictive Analytics,Industrial Research Council
P028,AI-Based Smart Irrigation using Big Data Analytics,"This project proposes the use of Big Data Analytics techniques for smart irrigation in the agriculture domain. The study aims to provide intelligent recommendations using medical records. The proposed framework includes data preprocessing, model development, evaluation, and deployment to improve research outcomes and practical applications.",Agriculture,Big Data Analytics,Department of Biotechnology
P172,AI-Based Fleet Management using Deep Learning,"This project proposes the use of Deep Learning techniques for fleet management in the transportation domain. The study aims to automate monitoring using text documents. The proposed framework includes data preprocessing, model development, evaluation, and deployment to improve research outcomes and practical applications.",Transportation,Deep Learning,Department of Biotechnology
P202,Student Performance Prediction using Machine Learning,"This proposal develops a Machine Learning framework for student performance prediction within the education domain. The research focuses on improving performance through advanced learning algorithms, optimization strategies, and intelligent decision support systems.",Education,Machine Learning,Innovation Fund
P145,Efficient Predictive Maintenance using Federated Learning,"This project proposes the use of Federated Learning techniques for predictive maintenance in the manufacturing domain. The study aims to improve prediction accuracy using historical databases. The proposed framework includes data preprocessing, model development, evaluation, and deployment to improve research outcomes and practical applications.",Manufacturing,Federated Learning,Industrial Research Council
P005,Smart Fraud Detection using Explainable AI,"This project proposes the use of Explainable AI techniques for fraud detection in the finance domain. The study aims to increase sustainability using IoT streams. The proposed framework includes data preprocessing, model development, evaluation, and deployment to improve research outcomes and practical applications.",Finance,Explainable AI,AI Research Council
P033,Intelligent Flood Forecasting using Internet of Things,"This project proposes the use of Internet of Things techniques for flood forecasting in the climate science domain. The study aims to enhance decision making using sensor data. The proposed framework includes data preprocessing, model development, evaluation, and deployment to improve research outcomes and practical applications.",Climate Science,Internet of Things,Department of Biotechnology
P114,Robust Demand Forecasting using Federated Learning,"This project proposes the use of Federated Learning techniques for demand forecasting in the retail domain. The study aims to reduce operational costs using clinical reports. The proposed framework includes data preprocessing, model development, evaluation, and deployment to improve research outcomes and practical applications.",Retail,Federated Learning,Industrial Research Council
P153,Hybrid Traffic Prediction using Predictive Analytics,"This project proposes the use of Predictive Analytics techniques for traffic prediction in the transportation domain. The study aims to optimize workflows using historical databases. The proposed framework includes data preprocessing, model development, evaluation, and deployment to improve research outcomes and practical applications.",Transportation,Predictive Analytics,National Science Foundation
P121,Novel Autonomous Vehicles using Explainable AI,"This project proposes the use of Explainable AI techniques for autonomous vehicles in the transportation domain. The study aims to optimize workflows using social media posts. The proposed framework includes data preprocessing, model development, evaluation, and deployment to improve research outcomes and practical applications.",Transportation,Explainable AI,International Research Foundation
P195,Waste Management using Deep Learning,"This proposal develops a Deep Learning framework for waste management within the smart cities domain. The research focuses on improving performance through advanced learning algorithms, optimization strategies, and intelligent decision support systems.",Smart Cities,Deep Learning,Innovation Fund
P115,Novel Customer Analytics using Internet of Things,"This project proposes the use of Internet of Things techniques for customer analytics in the finance domain. The study aims to optimize workflows using historical databases. The proposed framework includes data preprocessing, model development, evaluation, and deployment to improve research outcomes and practical applications.",Finance,Internet of Things,International Research Foundation
P011,Novel Soil Monitoring using Reinforcement Learning,"This project proposes the use of Reinforcement Learning techniques for soil monitoring in the agriculture domain. The study aims to improve resource utilization using medical records. The proposed framework includes data preprocessing, model development, evaluation, and deployment to improve research outcomes and practical applications.",Agriculture,Reinforcement Learning,AI Research Council
P063,Automated Robot Navigation using Graph Neural Networks,"This project proposes the use of Graph Neural Networks techniques for robot navigation in the robotics domain. The study aims to improve resource utilization using sensor data. The proposed framework includes data preprocessing, model development, evaluation, and deployment to improve research outcomes and practical applications.",Robotics,Graph Neural Networks,AI Research Council
P149,Novel Attendance Analysis using Internet of Things,"This project proposes the use of Internet of Things techniques for attendance analysis in the education domain. The study aims to enhance decision making using social media posts. The proposed framework includes data preprocessing, model development, evaluation, and deployment to improve research outcomes and practical applications.",Education,Internet of Things,AI Research Council
P154,Efficient Climate Modeling using Blockchain,"This project proposes the use of Blockchain techniques for climate modeling in the climate science domain. The study aims to optimize workflows using social media posts. The proposed framework includes data preprocessing, model development, evaluation, and deployment to improve research outcomes and practical applications.",Climate Science,Blockchain,International Research Foundation
P177,Advanced Market Basket Analysis using Reinforcement Learning,"This project proposes the use of Reinforcement Learning techniques for market basket analysis in the retail domain. The study aims to optimize workflows using industrial logs. The proposed framework includes data preprocessing, model development, evaluation, and deployment to improve research outcomes and practical applications.",Retail,Reinforcement Learning,Department of Biotechnology
P001,Automated Waste Management using Machine Learning,"This project proposes the use of Machine Learning techniques for waste management in the smart cities domain. The study aims to automate monitoring using financial transactions. The proposed framework includes data preprocessing, model development, evaluation, and deployment to improve research outcomes and practical applications.",Smart Cities,Machine Learning,Department of Biotechnology
P190,Robust Personalized Learning using Explainable AI,"This project proposes the use of Explainable AI techniques for personalized learning in the education domain. The study aims to provide intelligent recommendations using IoT streams. The proposed framework includes data preprocessing, model development, evaluation, and deployment to improve research outcomes and practical applications.",Education,Explainable AI,National Science Foundation
P185,AI-Based Risk Assessment using Edge Computing,"This project proposes the use of Edge Computing techniques for risk assessment in the finance domain. The study aims to improve prediction accuracy using text documents. The proposed framework includes data preprocessing, model development, evaluation, and deployment to improve research outcomes and practical applications.",Finance,Edge Computing,International Research Foundation
P071,Intelligent Inventory Prediction using Blockchain,"This project proposes the use of Blockchain techniques for inventory prediction in the retail domain. The study aims to enhance decision making using text documents. The proposed framework includes data preprocessing, model development, evaluation, and deployment to improve research outcomes and practical applications.",Retail,Blockchain,Department of Biotechnology
P164,Hybrid Network Security using Natural Language Processing,"This project proposes the use of Natural Language Processing techniques for network security in the cybersecurity domain. The study aims to increase sustainability using social media posts. The proposed framework includes data preprocessing, model development, evaluation, and deployment to improve research outcomes and practical applications.",Cybersecurity,Natural Language Processing,AI Research Council
P065,Advanced Autonomous Drones using Internet of Things,"This project proposes the use of Internet of Things techniques for autonomous drones in the robotics domain. The study aims to reduce operational costs using medical records. The proposed framework includes data preprocessing, model development, evaluation, and deployment to improve research outcomes and practical applications.",Robotics,Internet of Things,Innovation Fund
P045,Advanced Water Quality using Federated Learning,"This project proposes the use of Federated Learning techniques for water quality in the environmental science domain. The study aims to support early detection using financial transactions. The proposed framework includes data preprocessing, model development, evaluation, and deployment to improve research outcomes and practical applications.",Environmental Science,Federated Learning,National Science Foundation
P138,Smart Yield Prediction using Graph Neural Networks,"This project proposes the use of Graph Neural Networks techniques for yield prediction in the agriculture domain. The study aims to provide intelligent recommendations using satellite images. The proposed framework includes data preprocessing, model development, evaluation, and deployment to improve research outcomes and practical applications.",Agriculture,Graph Neural Networks,Department of Biotechnology
P041,AI-Based Livestock Health using Federated Learning,"This project proposes the use of Federated Learning techniques for livestock health in the agriculture domain. The study aims to improve prediction accuracy using clinical reports. The proposed framework includes data preprocessing, model development, evaluation, and deployment to improve research outcomes and practical applications.",Agriculture,Federated Learning,International Research Foundation
P124,Scalable Human Robot Collaboration using Big Data Analytics,"This project proposes the use of Big Data Analytics techniques for human robot collaboration in the robotics domain. The study aims to improve resource utilization using social media posts. The proposed framework includes data preprocessing, model development, evaluation, and deployment to improve research outcomes and practical applications.",Robotics,Big Data Analytics,AI Research Council
P024,AI-Based Trend Analysis using Graph Neural Networks,"This project proposes the use of Graph Neural Networks techniques for trend analysis in the social media domain. The study aims to support early detection using clinical reports. The proposed framework includes data preprocessing, model development, evaluation, and deployment to improve research outcomes and practical applications.",Social Media,Graph Neural Networks,Government Research Board
P159,Automated Disaster Management using Computer Vision,"This project proposes the use of Computer Vision techniques for disaster management in the environmental science domain. The study aims to increase sustainability using social media posts. The proposed framework includes data preprocessing, model development, evaluation, and deployment to improve research outcomes and practical applications.",Environmental Science,Computer Vision,Innovation Fund
P155,Hybrid Medical Imaging using Transformer Models,"This project proposes the use of Transformer Models techniques for medical imaging in the healthcare domain. The study aims to reduce operational costs using text documents. The proposed framework includes data preprocessing, model development, evaluation, and deployment to improve research outcomes and practical applications.",Healthcare,Transformer Models,Innovation Fund
P082,Efficient Livestock Health using Computer Vision,"This project proposes the use of Computer Vision techniques for livestock health in the agriculture domain. The study aims to improve resource utilization using satellite images. The proposed framework includes data preprocessing, model development, evaluation, and deployment to improve research outcomes and practical applications.",Agriculture,Computer Vision,International Research Foundation
P040,Automated Personalized Learning using Reinforcement Learning,"This project proposes the use of Reinforcement Learning techniques for personalized learning in the education domain. The study aims to optimize workflows using financial transactions. The proposed framework includes data preprocessing, model development, evaluation, and deployment to improve research outcomes and practical applications.",Education,Reinforcement Learning,International Research Foundation
P178,Novel Climate Modeling using Federated Learning,"This project proposes the use of Federated Learning techniques for climate modeling in the climate science domain. The study aims to support early detection using sensor data. The proposed framework includes data preprocessing, model development, evaluation, and deployment to improve research outcomes and practical applications.",Climate Science,Federated Learning,International Research Foundation
P048,AI-Based Yield Prediction using Predictive Analytics,"This project proposes the use of Predictive Analytics techniques for yield prediction in the agriculture domain. The study aims to strengthen security using satellite images. The proposed framework includes data preprocessing, model development, evaluation, and deployment to improve research outcomes and practical applications.",Agriculture,Predictive Analytics,Industrial Research Council
P095,Intelligent Accident Detection using Federated Learning,"This project proposes the use of Federated Learning techniques for accident detection in the transportation domain. The study aims to automate monitoring using historical databases. The proposed framework includes data preprocessing, model development, evaluation, and deployment to improve research outcomes and practical applications.",Transportation,Federated Learning,Innovation Fund
P162,Intelligent Community Detection using Blockchain,"This project proposes the use of Blockchain techniques for community detection in the social media domain. The study aims to support early detection using text documents. The proposed framework includes data preprocessing, model development, evaluation, and deployment to improve research outcomes and practical applications.",Social Media,Blockchain,International Research Foundation
P044,Automated Warehouse Automation using Computer Vision,"This project proposes the use of Computer Vision techniques for warehouse automation in the robotics domain. The study aims to increase sustainability using clinical reports. The proposed framework includes data preprocessing, model development, evaluation, and deployment to improve research outcomes and practical applications.",Robotics,Computer Vision,Industrial Research Council
P146,Intelligent Malware Analysis using Internet of Things,"This project proposes the use of Internet of Things techniques for malware analysis in the cybersecurity domain. The study aims to enhance decision making using financial transactions. The proposed framework includes data preprocessing, model development, evaluation, and deployment to improve research outcomes and practical applications.",Cybersecurity,Internet of Things,Industrial Research Council
P004,Robust Fleet Management using Transformer Models,"This project proposes the use of Transformer Models techniques for fleet management in the transportation domain. The study aims to automate monitoring using social media posts. The proposed framework includes data preprocessing, model development, evaluation, and deployment to improve research outcomes and practical applications.",Transportation,Transformer Models,Government Research Board
P106,Advanced Cancer Detection using Internet of Things,"This project proposes the use of Internet of Things techniques for cancer detection in the healthcare domain. The study aims to reduce operational costs using social media posts. The proposed framework includes data preprocessing, model development, evaluation, and deployment to improve research outcomes and practical applications.",Healthcare,Internet of Things,Industrial Research Council
P054,Scalable Autonomous Vehicles using Computer Vision,"This project proposes the use of Computer Vision techniques for autonomous vehicles in the transportation domain. The study aims to enhance decision making using financial transactions. The proposed framework includes data preprocessing, model development, evaluation, and deployment to improve research outcomes and practical applications.",Transportation,Computer Vision,AI Research Council
P134,Hybrid Crop Disease Detection using Transformer Models,"This project proposes the use of Transformer Models techniques for crop disease detection in the agriculture domain. The study aims to increase sustainability using industrial logs. The proposed framework includes data preprocessing, model development, evaluation, and deployment to improve research outcomes and practical applications.",Agriculture,Transformer Models,Government Research Board
P191,Fake News Detection using Graph Neural Networks,"This proposal develops a Graph Neural Networks framework for fake news detection within the social media domain. The research focuses on improving performance through advanced learning algorithms, optimization strategies, and intelligent decision support systems.",Social Media,Graph Neural Networks,Government Research Board
P165,Efficient Demand Forecasting using Transformer Models,"This project proposes the use of Transformer Models techniques for demand forecasting in the retail domain. The study aims to increase sustainability using financial transactions. The proposed framework includes data preprocessing, model development, evaluation, and deployment to improve research outcomes and practical applications.",Retail,Transformer Models,International Research Foundation
P196,Phishing Detection using Deep Learning,"This proposal develops a Deep Learning framework for phishing detection within the cybersecurity domain. The research focuses on improving performance through advanced learning algorithms, optimization strategies, and intelligent decision support systems.",Cybersecurity,Deep Learning,National Science Foundation
P050,AI-Based Wind Energy Analysis using Deep Learning,"This project proposes the use of Deep Learning techniques for wind energy analysis in the energy domain. The study aims to increase sustainability using industrial logs. The proposed framework includes data preprocessing, model development, evaluation, and deployment to improve research outcomes and practical applications.",Energy,Deep Learning,Government Research Board
P081,Hybrid Quality Inspection using Edge Computing,"This project proposes the use of Edge Computing techniques for quality inspection in the manufacturing domain. The study aims to optimize workflows using medical records. The proposed framework includes data preprocessing, model development, evaluation, and deployment to improve research outcomes and practical applications.",Manufacturing,Edge Computing,Industrial Research Council
P035,Hybrid Urban Planning using Federated Learning,"This project proposes the use of Federated Learning techniques for urban planning in the smart cities domain. The study aims to reduce operational costs using industrial logs. The proposed framework includes data preprocessing, model development, evaluation, and deployment to improve research outcomes and practical applications.",Smart Cities,Federated Learning,Government Research Board
P008,Robust Predictive Maintenance using Blockchain,"This project proposes the use of Blockchain techniques for predictive maintenance in the manufacturing domain. The study aims to enhance decision making using clinical reports. The proposed framework includes data preprocessing, model development, evaluation, and deployment to improve research outcomes and practical applications.",Manufacturing,Blockchain,AI Research Council
P111,Intelligent Livestock Health using Explainable AI,"This project proposes the use of Explainable AI techniques for livestock health in the agriculture domain. The study aims to improve resource utilization using clinical reports. The proposed framework includes data preprocessing, model development, evaluation, and deployment to improve research outcomes and practical applications.",Agriculture,Explainable AI,Innovation Fund
P092,Advanced Production Planning using Machine Learning,"This project proposes the use of Machine Learning techniques for production planning in the manufacturing domain. The study aims to support early detection using IoT streams. The proposed framework includes data preprocessing, model development, evaluation, and deployment to improve research outcomes and practical applications.",Manufacturing,Machine Learning,AI Research Council
P084,Efficient Patient Monitoring using Transformer Models,"This project proposes the use of Transformer Models techniques for patient monitoring in the healthcare domain. The study aims to enhance decision making using social media posts. The proposed framework includes data preprocessing, model development, evaluation, and deployment to improve research outcomes and practical applications.",Healthcare,Transformer Models,Innovation Fund
P187,Smart Threat Intelligence using Big Data Analytics,"This project proposes the use of Big Data Analytics techniques for threat intelligence in the cybersecurity domain. The study aims to automate monitoring using medical records. The proposed framework includes data preprocessing, model development, evaluation, and deployment to improve research outcomes and practical applications.",Cybersecurity,Big Data Analytics,International Research Foundation
P192,Industrial Robots using Graph Neural Networks,"This proposal develops a Graph Neural Networks framework for industrial robots within the robotics domain. The research focuses on improving performance through advanced learning algorithms, optimization strategies, and intelligent decision support systems.",Robotics,Graph Neural Networks,National Science Foundation
P090,Novel Autonomous Vehicles using Federated Learning,"This project proposes the use of Federated Learning techniques for autonomous vehicles in the transportation domain. The study aims to optimize workflows using text documents. The proposed framework includes data preprocessing, model development, evaluation, and deployment to improve research outcomes and practical applications.",Transportation,Federated Learning,International Research Foundation
P009,Scalable Market Basket Analysis using Edge Computing,"This project proposes the use of Edge Computing techniques for market basket analysis in the retail domain. The study aims to strengthen security using financial transactions. The proposed framework includes data preprocessing, model development, evaluation, and deployment to improve research outcomes and practical applications.",Retail,Edge Computing,Industrial Research Council
P014,Scalable Water Quality using Blockchain,"This project proposes the use of Blockchain techniques for water quality in the environmental science domain. The study aims to improve prediction accuracy using financial transactions. The proposed framework includes data preprocessing, model development, evaluation, and deployment to improve research outcomes and practical applications.",Environmental Science,Blockchain,International Research Foundation
P060,Automated Cancer Detection using Natural Language Processing,"This project proposes the use of Natural Language Processing techniques for cancer detection in the healthcare domain. The study aims to reduce operational costs using social media posts. The proposed framework includes data preprocessing, model development, evaluation, and deployment to improve research outcomes and practical applications.",Healthcare,Natural Language Processing,Government Research Board
P182,Automated Malware Analysis using Internet of Things,"This project proposes the use of Internet of Things techniques for malware analysis in the cybersecurity domain. The study aims to improve prediction accuracy using historical databases. The proposed framework includes data preprocessing, model development, evaluation, and deployment to improve research outcomes and practical applications.",Cybersecurity,Internet of Things,AI Research Council
P132,AI-Based Stock Prediction using Predictive Analytics,"This project proposes the use of Predictive Analytics techniques for stock prediction in the finance domain. The study aims to enhance decision making using historical databases. The proposed framework includes data preprocessing, model development, evaluation, and deployment to improve research outcomes and practical applications.",Finance,Predictive Analytics,Innovation Fund
P018,Robust Customer Analytics using Big Data Analytics,"This project proposes the use of Big Data Analytics techniques for customer analytics in the finance domain. The study aims to strengthen security using historical databases. The proposed framework includes data preprocessing, model development, evaluation, and deployment to improve research outcomes and practical applications.",Finance,Big Data Analytics,AI Research Council
P167,Novel Urban Planning using Explainable AI,"This project proposes the use of Explainable AI techniques for urban planning in the smart cities domain. The study aims to improve prediction accuracy using medical records. The proposed framework includes data preprocessing, model development, evaluation, and deployment to improve research outcomes and practical applications.",Smart Cities,Explainable AI,Government Research Board
P073,Robust Forest Monitoring using Explainable AI,"This project proposes the use of Explainable AI techniques for forest monitoring in the environmental science domain. The study aims to strengthen security using clinical reports. The proposed framework includes data preprocessing, model development, evaluation, and deployment to improve research outcomes and practical applications.",Environmental Science,Explainable AI,National Science Foundation
P186,Scalable Fault Detection using Deep Learning,"This project proposes the use of Deep Learning techniques for fault detection in the manufacturing domain. The study aims to reduce operational costs using satellite images. The proposed framework includes data preprocessing, model development, evaluation, and deployment to improve research outcomes and practical applications.",Manufacturing,Deep Learning,AI Research Council
P135,Hybrid Sentiment Analysis using Internet of Things,"This project proposes the use of Internet of Things techniques for sentiment analysis in the social media domain. The study aims to increase sustainability using social media posts. The proposed framework includes data preprocessing, model development, evaluation, and deployment to improve research outcomes and practical applications.",Social Media,Internet of Things,Innovation Fund
P176,Smart Smart Grid using Edge Computing,"This project proposes the use of Edge Computing techniques for smart grid in the energy domain. The study aims to reduce operational costs using satellite images. The proposed framework includes data preprocessing, model development, evaluation, and deployment to improve research outcomes and practical applications.",Energy,Edge Computing,Government Research Board
P194,Network Security using Transformer Models,"This proposal develops a Transformer Models framework for network security within the cybersecurity domain. The research focuses on improving performance through advanced learning algorithms, optimization strategies, and intelligent decision support systems.",Cybersecurity,Transformer Models,International Research Foundation
P064,AI-Based Flood Forecasting using Edge Computing,"This project proposes the use of Edge Computing techniques for flood forecasting in the climate science domain. The study aims to improve resource utilization using clinical reports. The proposed framework includes data preprocessing, model development, evaluation, and deployment to improve research outcomes and practical applications.",Climate Science,Edge Computing,International Research Foundation
P055,Hybrid Stock Prediction using Graph Neural Networks,"This project proposes the use of Graph Neural Networks techniques for stock prediction in the finance domain. The study aims to support early detection using industrial logs. The proposed framework includes data preprocessing, model development, evaluation, and deployment to improve research outcomes and practical applications.",Finance,Graph Neural Networks,International Research Foundation
P108,Smart Renewable Energy Forecasting using Internet of Things,"This project proposes the use of Internet of Things techniques for renewable energy forecasting in the energy domain. The study aims to support early detection using satellite images. The proposed framework includes data preprocessing, model development, evaluation, and deployment to improve research outcomes and practical applications.",Energy,Internet of Things,Government Research Board
P051,Advanced Route Optimization using Natural Language Processing,"This project proposes the use of Natural Language Processing techniques for route optimization in the transportation domain. The study aims to improve resource utilization using financial transactions. The proposed framework includes data preprocessing, model development, evaluation, and deployment to improve research outcomes and practical applications.",Transportation,Natural Language Processing,AI Research Council
P175,Smart Threat Intelligence using Natural Language Processing,"This project proposes the use of Natural Language Processing techniques for threat intelligence in the cybersecurity domain. The study aims to automate monitoring using clinical reports. The proposed framework includes data preprocessing, model development, evaluation, and deployment to improve research outcomes and practical applications.",Cybersecurity,Natural Language Processing,Innovation Fund
P207,Pollution Detection using Predictive Analytics,"This proposal develops a Predictive Analytics framework for pollution detection within the environmental science domain. The research focuses on improving performance through advanced learning algorithms, optimization strategies, and intelligent decision support systems.",Environmental Science,Predictive Analytics,International Research Foundation
P170,Efficient Community Detection using Computer Vision,"This project proposes the use of Computer Vision techniques for community detection in the social media domain. The study aims to increase sustainability using satellite images. The proposed framework includes data preprocessing, model development, evaluation, and deployment to improve research outcomes and practical applications.",Social Media,Computer Vision,International Research Foundation
P059,AI-Based Fraud Detection using Predictive Analytics,"This project proposes the use of Predictive Analytics techniques for fraud detection in the finance domain. The study aims to increase sustainability using text documents. The proposed framework includes data preprocessing, model development, evaluation, and deployment to improve research outcomes and practical applications.",Finance,Predictive Analytics,National Science Foundation
P049,AI-Based Sales Analytics using Transformer Models,"This project proposes the use of Transformer Models techniques for sales analytics in the retail domain. The study aims to strengthen security using financial transactions. The proposed framework includes data preprocessing, model development, evaluation, and deployment to improve research outcomes and practical applications.",Retail,Transformer Models,Government Research Board
P089,Efficient Solar Optimization using Natural Language Processing,"This project proposes the use of Natural Language Processing techniques for solar optimization in the energy domain. The study aims to provide intelligent recommendations using historical databases. The proposed framework includes data preprocessing, model development, evaluation, and deployment to improve research outcomes and practical applications.",Energy,Natural Language Processing,International Research Foundation
P022,Hybrid Disease Diagnosis using Edge Computing,"This project proposes the use of Edge Computing techniques for disease diagnosis in the healthcare domain. The study aims to support early detection using IoT streams. The proposed framework includes data preprocessing, model development, evaluation, and deployment to improve research outcomes and practical applications.",Healthcare,Edge Computing,National Science Foundation
P058,Advanced Power Consumption Prediction using Transformer Models,"This project proposes the use of Transformer Models techniques for power consumption prediction in the energy domain. The study aims to support early detection using clinical reports. The proposed framework includes data preprocessing, model development, evaluation, and deployment to improve research outcomes and practical applications.",Energy,Transformer Models,Innovation Fund
P161,AI-Based Autonomous Vehicles using Big Data Analytics,"This project proposes the use of Big Data Analytics techniques for autonomous vehicles in the transportation domain. The study aims to support early detection using historical databases. The proposed framework includes data preprocessing, model development, evaluation, and deployment to improve research outcomes and practical applications.",Transportation,Big Data Analytics,AI Research Council
P203,Yield Prediction using Natural Language Processing,"This proposal develops a Natural Language Processing framework for yield prediction within the agriculture domain. The research focuses on improving performance through advanced learning algorithms, optimization strategies, and intelligent decision support systems.",Agriculture,Natural Language Processing,Department of Biotechnology
P130,Novel Risk Assessment using Big Data Analytics,"This project proposes the use of Big Data Analytics techniques for risk assessment in the finance domain. The study aims to enhance decision making using sensor data. The proposed framework includes data preprocessing, model development, evaluation, and deployment to improve research outcomes and practical applications.",Finance,Big Data Analytics,Government Research Board
P038,Intelligent Wildlife Monitoring using Deep Learning,"This project proposes the use of Deep Learning techniques for wildlife monitoring in the environmental science domain. The study aims to increase sustainability using IoT streams. The proposed framework includes data preprocessing, model development, evaluation, and deployment to improve research outcomes and practical applications.",Environmental Science,Deep Learning,International Research Foundation
P158,Novel Weather Prediction using Predictive Analytics,"This project proposes the use of Predictive Analytics techniques for weather prediction in the climate science domain. The study aims to enhance decision making using medical records. The proposed framework includes data preprocessing, model development, evaluation, and deployment to improve research outcomes and practical applications.",Climate Science,Predictive Analytics,Innovation Fund
P199,Smart Irrigation using Federated Learning,"This proposal develops a Federated Learning framework for smart irrigation within the agriculture domain. The research focuses on improving performance through advanced learning algorithms, optimization strategies, and intelligent decision support systems.",Agriculture,Federated Learning,Industrial Research Council
P002,AI-Based Disaster Management using Machine Learning,"This project proposes the use of Machine Learning techniques for disaster management in the environmental science domain. The study aims to strengthen security using historical databases. The proposed framework includes data preprocessing, model development, evaluation, and deployment to improve research outcomes and practical applications.",Environmental Science,Machine Learning,National Science Foundation
P053,AI-Based Fault Detection using Internet of Things,"This project proposes the use of Internet of Things techniques for fault detection in the manufacturing domain. The study aims to enhance decision making using clinical reports. The proposed framework includes data preprocessing, model development, evaluation, and deployment to improve research outcomes and practical applications.",Manufacturing,Internet of Things,Department of Biotechnology
P150,AI-Based Industrial Robots using Natural Language Processing,"This project proposes the use of Natural Language Processing techniques for industrial robots in the robotics domain. The study aims to reduce operational costs using IoT streams. The proposed framework includes data preprocessing, model development, evaluation, and deployment to improve research outcomes and practical applications.",Robotics,Natural Language Processing,Innovation Fund
P131,Novel Stock Prediction using Federated Learning,"This project proposes the use of Federated Learning techniques for stock prediction in the finance domain. The study aims to improve resource utilization using medical records. The proposed framework includes data preprocessing, model development, evaluation, and deployment to improve research outcomes and practical applications.",Finance,Federated Learning,National Science Foundation
P152,Scalable Soil Monitoring using Natural Language Processing,"This project proposes the use of Natural Language Processing techniques for soil monitoring in the agriculture domain. The study aims to enhance decision making using historical databases. The proposed framework includes data preprocessing, model development, evaluation, and deployment to improve research outcomes and practical applications.",Agriculture,Natural Language Processing,International Research Foundation
P104,Intelligent Drug Discovery using Big Data Analytics,"This project proposes the use of Big Data Analytics techniques for drug discovery in the healthcare domain. The study aims to improve resource utilization using financial transactions. The proposed framework includes data preprocessing, model development, evaluation, and deployment to improve research outcomes and practical applications.",Healthcare,Big Data Analytics,Industrial Research Council
P100,Robust Renewable Energy Forecasting using Blockchain,"This project proposes the use of Blockchain techniques for renewable energy forecasting in the energy domain. The study aims to strengthen security using industrial logs. The proposed framework includes data preprocessing, model development, evaluation, and deployment to improve research outcomes and practical applications.",Energy,Blockchain,Industrial Research Council
P117,Efficient Supply Chain Optimization using Transformer Models,"This project proposes the use of Transformer Models techniques for supply chain optimization in the manufacturing domain. The study aims to strengthen security using historical databases. The proposed framework includes data preprocessing, model development, evaluation, and deployment to improve research outcomes and practical applications.",Manufacturing,Transformer Models,AI Research Council
P088,Smart Sales Analytics using Machine Learning,"This project proposes the use of Machine Learning techniques for sales analytics in the retail domain. The study aims to optimize workflows using clinical reports. The proposed framework includes data preprocessing, model development, evaluation, and deployment to improve research outcomes and practical applications.",Retail,Machine Learning,Government Research Board
P075,Advanced Fleet Management using Explainable AI,"This project proposes the use of Explainable AI techniques for fleet management in the transportation domain. The study aims to improve resource utilization using historical databases. The proposed framework includes data preprocessing, model development, evaluation, and deployment to improve research outcomes and practical applications.",Transportation,Explainable AI,National Science Foundation
P122,Advanced Medical Imaging using Machine Learning,"This project proposes the use of Machine Learning techniques for medical imaging in the healthcare domain. The study aims to increase sustainability using financial transactions. The proposed framework includes data preprocessing, model development, evaluation, and deployment to improve research outcomes and practical applications.",Healthcare,Machine Learning,AI Research Council
P210,Robot Navigation using Explainable AI,"This proposal develops a Explainable AI framework for robot navigation within the robotics domain. The research focuses on improving performance through advanced learning algorithms, optimization strategies, and intelligent decision support systems.",Robotics,Explainable AI,AI Research Council
P021,Hybrid Warehouse Automation using Internet of Things,"This project proposes the use of Internet of Things techniques for warehouse automation in the robotics domain. The study aims to support early detection using clinical reports. The proposed framework includes data preprocessing, model development, evaluation, and deployment to improve research outcomes and practical applications.",Robotics,Internet of Things,International Research Foundation
P189,Scalable Inventory Prediction using Federated Learning,"This project proposes the use of Federated Learning techniques for inventory prediction in the retail domain. The study aims to enhance decision making using social media posts. The proposed framework includes data preprocessing, model development, evaluation, and deployment to improve research outcomes and practical applications.",Retail,Federated Learning,National Science Foundation
P072,AI-Based Renewable Energy Forecasting using Computer Vision,"This project proposes the use of Computer Vision techniques for renewable energy forecasting in the energy domain. The study aims to strengthen security using historical databases. The proposed framework includes data preprocessing, model development, evaluation, and deployment to improve research outcomes and practical applications.",Energy,Computer Vision,AI Research Council
P107,Novel Yield Prediction using Internet of Things,"This project proposes the use of Internet of Things techniques for yield prediction in the agriculture domain. The study aims to support early detection using IoT streams. The proposed framework includes data preprocessing, model development, evaluation, and deployment to improve research outcomes and practical applications.",Agriculture,Internet of Things,Department of Biotechnology
P015,Robust Medical Imaging using Explainable AI,"This project proposes the use of Explainable AI techniques for medical imaging in the healthcare domain. The study aims to support early detection using satellite images. The proposed framework includes data preprocessing, model development, evaluation, and deployment to improve research outcomes and practical applications.",Healthcare,Explainable AI,Department of Biotechnology
P093,Smart Autonomous Vehicles using Machine Learning,"This project proposes the use of Machine Learning techniques for autonomous vehicles in the transportation domain. The study aims to automate monitoring using historical databases. The proposed framework includes data preprocessing, model development, evaluation, and deployment to improve research outcomes and practical applications.",Transportation,Machine Learning,Industrial Research Council
P180,Automated Solar Optimization using Computer Vision,"This project proposes the use of Computer Vision techniques for solar optimization in the energy domain. The study aims to optimize workflows using text documents. The proposed framework includes data preprocessing, model development, evaluation, and deployment to improve research outcomes and practical applications.",Energy,Computer Vision,Department of Biotechnology
P103,Robust Community Detection using Reinforcement Learning,"This project proposes the use of Reinforcement Learning techniques for community detection in the social media domain. The study aims to support early detection using satellite images. The proposed framework includes data preprocessing, model development, evaluation, and deployment to improve research outcomes and practical applications.",Social Media,Reinforcement Learning,Innovation Fund
